Datetime,Water Level (m)
2025-04-06 00:00:00,0.09997332
2025-04-06 01:00:00,0.011165281
2025-04-06 02:00:00,-0.2060093
2025-04-06 03:00:00,-0.48462337
2025-04-06 04:00:00,-0.6752117
2025-04-06 05:00:00,-0.6993528
2025-04-06 06:00:00,-0.55513704
2025-04-06 07:00:00,-0.36382186
2025-04-06 08:00:00,-0.15442707
2025-04-06 09:00:00,0.10143344
2025-04-06 10:00:00,0.34903556
2025-04-06 11:00:00,0.5172806
2025-04-06 12:00:00,0.57962865
2025-04-06 13:00:00,0.52210593
2025-04-06 14:00:00,0.28120613
2025-04-06 15:00:00,-0.042109728
2025-04-06 16:00:00,-0.41698635
2025-04-06 17:00:00,-0.7178053
2025-04-06 18:00:00,-0.8927297
2025-04-06 19:00:00,-0.95468426
2025-04-06 20:00:00,-0.8436878
2025-04-06 21:00:00,-0.58048713
2025-04-06 22:00:00,-0.28209865
2025-04-06 23:00:00,-0.021298772
2025-04-07 00:00:00,0.14922887
2025-04-07 01:00:00,0.23932719
2025-04-07 02:00:00,0.23414701
2025-04-07 03:00:00,0.063583806
2025-04-07 04:00:00,-0.21404837
2025-04-07 05:00:00,-0.51410395
2025-04-07 06:00:00,-0.7010165
2025-04-07 07:00:00,-0.7446113
2025-04-07 08:00:00,-0.6344537
2025-04-07 09:00:00,-0.38299692
2025-04-07 10:00:00,-0.05045085
2025-04-07 11:00:00,0.28020555
2025-04-07 12:00:00,0.52735144
2025-04-07 13:00:00,0.65865654
2025-04-07 14:00:00,0.65952295
2025-04-07 15:00:00,0.44872922
2025-04-07 16:00:00,0.069264606
2025-04-07 17:00:00,-0.36722863
2025-04-07 18:00:00,-0.7216291
2025-04-07 19:00:00,-0.9601554
2025-04-07 20:00:00,-1.0716447
2025-04-07 21:00:00,-0.97172356
2025-04-07 22:00:00,-0.63881296
2025-04-07 23:00:00,-0.24956448
2025-04-08 00:00:00,0.094670035
2025-04-08 01:00:00,0.31989697
2025-04-08 02:00:00,0.44389144
2025-04-08 03:00:00,0.41582763
2025-04-08 04:00:00,0.17781857
2025-04-08 05:00:00,-0.18347572
2025-04-08 06:00:00,-0.5710099
2025-04-08 07:00:00,-0.8379956
2025-04-08 08:00:00,-0.95546526
2025-04-08 09:00:00,-0.8514264
2025-04-08 10:00:00,-0.48358655
2025-04-08 11:00:00,-0.034251187
2025-04-08 12:00:00,0.37469766
2025-04-08 13:00:00,0.6489184
2025-04-08 14:00:00,0.76426846
2025-04-08 15:00:00,0.7111477
2025-04-08 16:00:00,0.4043853
2025-04-08 17:00:00,-0.042836852
2025-04-08 18:00:00,-0.5574502
2025-04-08 19:00:00,-0.96012866
2025-04-08 20:00:00,-1.2361946
2025-04-08 21:00:00,-1.3033398
2025-04-08 22:00:00,-0.984949
2025-04-08 23:00:00,-0.4845312
2025-04-09 00:00:00,-0.015983056
2025-04-09 01:00:00,0.35917026
2025-04-09 02:00:00,0.5976764
2025-04-09 03:00:00,0.67717916
2025-04-09 04:00:00,0.5333623
2025-04-09 05:00:00,0.14582008
2025-04-09 06:00:00,-0.32248393
2025-04-09 07:00:00,-0.76824296
2025-04-09 08:00:00,-1.0542039
2025-04-09 09:00:00,-1.1309007
2025-04-09 10:00:00,-0.88673717
2025-04-09 11:00:00,-0.4100275
2025-04-09 12:00:00,0.09934218
2025-04-09 13:00:00,0.5356171
2025-04-09 14:00:00,0.7932173
2025-04-09 15:00:00,0.86493766
2025-04-09 16:00:00,0.7202351
2025-04-09 17:00:00,0.3131157
2025-04-09 18:00:00,-0.21764949
2025-04-09 19:00:00,-0.76777405
2025-04-09 20:00:00,-1.1718364
2025-04-09 21:00:00,-1.3901811
2025-04-09 22:00:00,-1.2951792
2025-04-09 23:00:00,-0.78317493
2025-04-10 00:00:00,-0.1660229
2025-04-10 01:00:00,0.3789765
2025-04-10 02:00:00,0.74369097
2025-04-10 03:00:00,0.90128726
2025-04-10 04:00:00,0.84878135
2025-04-10 05:00:00,0.52149534
2025-04-10 06:00:00,0.037873603
2025-04-10 07:00:00,-0.52727234
2025-04-10 08:00:00,-0.9662459
2025-04-10 09:00:00,-1.2187916
2025-04-10 10:00:00,-1.1562654
2025-04-10 11:00:00,-0.6927756
2025-04-10 12:00:00,-0.10719241
2025-04-10 13:00:00,0.42734072
2025-04-10 14:00:00,0.839134
2025-04-10 15:00:00,1.033978
2025-04-10 16:00:00,1.0183448
2025-04-10 17:00:00,0.68635845
2025-04-10 18:00:00,0.1511948
2025-04-10 19:00:00,-0.49519855
2025-04-10 20:00:00,-1.0155051
2025-04-10 21:00:00,-1.3654008
2025-04-10 22:00:00,-1.4490398
2025-04-10 23:00:00,-1.0308379
2025-04-11 00:00:00,-0.3437645
2025-04-11 01:00:00,0.2697606
2025-04-11 02:00:00,0.7804796
2025-04-11 03:00:00,1.0563319
2025-04-11 04:00:00,1.0955752
2025-04-11 05:00:00,0.8724838
2025-04-11 06:00:00,0.40785736
2025-04-11 07:00:00,-0.18637954
2025-04-11 08:00:00,-0.75853443
2025-04-11 09:00:00,-1.1640737
2025-04-11 10:00:00,-1.3413925
2025-04-11 11:00:00,-1.0564415
2025-04-11 12:00:00,-0.4132651
2025-04-11 13:00:00,0.21677722
2025-04-11 14:00:00,0.756678
2025-04-11 15:00:00,1.0773264
2025-04-11 16:00:00,1.1350602
2025-04-11 17:00:00,0.9200226
2025-04-11 18:00:00,0.4515944
2025-04-11 19:00:00,-0.17978545
2025-04-11 20:00:00,-0.7827914
2025-04-11 21:00:00,-1.253859
2025-04-11 22:00:00,-1.5526649
2025-04-11 23:00:00,-1.3875959
2025-04-12 00:00:00,-0.66929156
